Djavan;Oceano;BR
Djavan;Se...;BR
Os Paralamas Do Sucesso;Uma Brasileira;BR
Djavan;Eu Te Devoro;BR
Caetano Veloso;Você Não Me Ensinou a Te Esquecer;BR
Caetano Veloso;Sozinho;BR
Luiz Gonzaga;O Xote das Meninas - Ela Só Quer Só Pensa em Namorar;BR
Luiz Gonzaga;A Vida do Viajante (feat. Gonzaguinha);BR
Zé Ramalho;Chão de Giz;BR
Chitãozinho & Xororó;Sinônimos;BR
Elba Ramalho;Ai Que Saudade D'Ocê;BR
Zé Ramalho;Entre a Serpente e a Estrela (Amarillo By Money);BR
Nelson Gonçalves;Naquela Mesa;BR
Alceu Valença;Anunciação;BR
Alceu Valença;La Belle De Jour;BR
Alceu Valença;La Belle de Jour / Girassol;BR
Tim Maia;Azul Da Cor Do Mar;BR
Tim Maia;Gostava Tanto De Você;BR
Tim Maia;Eu Amo Você;BR
Alcione;Você Me Vira A Cabeça (Me Tira Do Sério);BR
Cartola;Preciso Me Encontrar;BR
Gonzaguinha;O Que É O Que É?;BR
Rita Lee;Ovelha Negra;BR
Rita Lee;Mania De Você;BR
João Gilberto;Chega de Saudade;BR
Antonio Villeroy;Sinais de Fogo;BR
Seu Jorge;Carolina;BR
Arnaldo Antunes;Qualquer Coisa;BR
Dudu Nobre;Faz O Pagode Explodir;BR
Os Paralamas Do Sucesso;Me Liga;BR
Titãs;Epitáfio;BR
Cássia Eller;O Meu Mundo Ficaria Completo (Com Você);BR
Natiruts;Quero Ser Feliz Também;BR
Titãs;Pra Dizer Adeus;BR
Titãs;Enquanto Houver Sol;BR
Titãs;Os Cegos do Castelo;BR
Seu Jorge;Amiga Da Minha Mulher;BR
Seu Jorge;Burguesinha;BR
Seu Jorge;Quem Não Quer Sou Eu;BR
Geraldo Vandre;Pra não dizer que não falei das flores;BR
Ritchie;Menina Veneno;BR
Roupa Nova;Dona;BR
Roupa Nova;Whisky a Go-Go;BR
Nenhum De Nós;O Astronauta de Mármore (Starman);BR
Belo;Tua Boca;BR
Papas Da Língua;Eu Sei;BR
Roberto Carlos;Esse Cara Sou Eu;BR
Naldo Benny;Amor de Chocolate;BR
Fagner;Borbulhas de Amor (Tenho um Coração) [Borbujas de Amor];BR
Cazuza;Exagerado;BR
Rita Lee;Reza;BR
Blitz;A Dois Passos Do Paraíso;BR
Belchior;A Palo Seco;BR
Belchior;Apenas Um Rapaz Latino Americano;BR
Reginaldo Rossi;Em Plena Lua De Mel (Dina);BR
Marquinhos Maraial;O Encanto - Cristal Quebrado;BR
Reginaldo Rossi;A Raposa e as Uvas;BR
Reginaldo Rossi;Garçon;BR
Roberta Miranda;Amanhã (Mañana);BR
Cazuza;Codinome Beija-Flor;BR
Victor & Leo;Borboletas;BR
Fernando & Sorocaba;As Mina Pira;BR
Fernando & Sorocaba;Bala de Prata;BR
Trio Bravana;Mãe Tô na Balada;BR
Munhoz & Mariano;Copo Na Mão;BR
Thaeme & Thiago;Tchá Tchá Tchá;BR
Bruno & Marrone;Vou Te Amarrar na Minha Cama;BR
Victor & Leo;Muito Natural;BR
Victor & Leo;Não Precisa;BR
Victor & Leo;Vida Boa;BR
Victor & Leo;O Granfino e o Caipira;BR
Victor & Leo;Tem Que Ser Você;BR
Victor & Leo;Solidão a Dois;BR
Michel Teló;Humilde Residência - Remix;BR
Munhoz & Mariano;Camaro Amarelo;BR
Jorge & Mateus;Pense Em Mim - Jorge & Mateus Elétrico;BR
Marcos & Belutti;Domingo de Manhã;BR
Guilherme & Santiago;E Daí;BR
Jorge & Mateus;Pode Chorar - Jorge & Mateus Elétrico;BR
João Bosco & Vinícius;Chora, Me Liga;BR
Munhoz & Mariano;Balada Louca;BR
Chitãozinho & Xororó;Evidências;BR
Jorge & Mateus;O Mundo É Tão Pequeno;BR
Jorge & Mateus;Seu Astral;BR
Bruno & Denner;Cavalo de Pau;BR
Hugo & Guilherme;Mágica;BR
Luan Santana;MEIO TERMO;BR
Simone Mendes;Erro Gostoso;BR
Lauana Prado;Beijo Fuleiro;BR
Marília Mendonça;Leão;BR
AgroPlay;Nosso Quadro;BR
Henrique & Juliano;Te Esqueci Sem Querer;BR
Jorge & Mateus;5 Regras;BR
Matheus & Kauan;Basiquinho;BR
Felipe e Rodrigo;Média Boa;BR
Ana Castela;DONA DE MIM;BR
Matheus & Kauan;Pactos;BR
Gustavo Mioto;Quando Apaga A Luz;BR
Diego & Victor Hugo;Pirulito Vermelho;BR
Luiza Martins;Cê Não Me Superou;BR
Gustavo Mioto;Eu Gosto Assim;BR
Matheus & Kauan;Não Vitalício;BR
Guilherme & Benuto;Esse B.O é Meu;BR
Murilo Huff;Quem tá Pegando;BR
Diego & Victor Hugo;Beijo de Glicose;BR
Luan Pereira;ELA PIROU NA DODGE RAM;BR
Taylor Swift;Long Live;BR
Paula Fernandes;Pássaro De Fogo;BR
Zé Neto & Cristiano;Pátio do Posto;BR
Zé Neto & Cristiano;Oi Balde;BR
Israel & Rodolffo;Voltou Com Quem Não Voltava;BR
Israel & Rodolffo;Batom de Cereja;BR
Israel & Rodolffo;Bombonzinho;BR
Bruno & Marrone;Boate Azul;BR
Luan Pereira;MOLETOM;BR
Zé Neto & Cristiano;Ela e Ela;BR
Matheus & Kauan;A Rosa E O Beija;BR
Jorge & Mateus;Logo Eu;BR
Diego & Victor Hugo;Cêis Não Bebe Não?;BR
Jorge & Mateus;O Que É Que Tem;BR
Henrique & Juliano;Até Você Voltar;BR
Jorge & Mateus;Molhando o Volante;BR
Lauana Prado;Me Leva Pra Casa / Escrito Nas Estrelas / Saudade;BR
Lauana Prado;Escrito Nas Estrelas;BR
Gusttavo Lima;Balada;BR
Henrique & Juliano;Não Tô Valendo Nada;BR
Victor & Leo;Fada;BR
João Carreiro & Capataz;Faculdade da Pinga;BR
Vinícius de Moraes;Carta Ao Tom 74;BR
Vanessa Da Mata;Não Me Deixe Só;BR
Toquinho;Onde Anda Você;BR
Elis Regina;Como Nossos Pais;BR
Elis Regina;Águas De Março;BR
Miúcha;Pela Luz dos Olhos Teus;BR
Gal Costa;Que Pena (Ele Já Não Gosta Mais De Mim);BR
Elis Regina;Tiro Ao Álvaro;BR
Vinícius de Moraes;Samba Da Volta;BR
Toquinho;Regra Três;BR
Toquinho;Carolina, Carol Bela;BR
Jorge Ben Jor;Chove Chuva;BR
Chico Buarque;Apesar De Você;BR
Cartola;O Mundo É Um Moinho;BR
Astrud Gilberto;Água de Beber;BR
Elis Regina;Só Tinha De Ser Com Você;BR
Alceu Valença;Flor de Tangerina;BR
Djavan;Flor de Lis;BR
Gilberto Gil;Palco;BR
Maria Bethânia;Reconvexo;BR
Cartola;O Sol Nascerá (A Sorrir);BR
Chico César;À Primeira Vista;BR
Nara Leão;João E Maria;BR
Charlie Brown Jr.;Ela Vai Voltar;BR
Charlie Brown Jr.;Lugar Ao Sol;BR
Charlie Brown Jr.;Papo Reto (Prazer É Sexo O Resto É Negócio);BR
Charlie Brown Jr.;O Côro Vai Comê;BR
Charlie Brown Jr.;Os Cortes;BR
Charlie Brown Jr.;Vícios E Virtudes;BR
Charlie Brown Jr.;O Lado Certo Da Vida Errada;BR
Charlie Brown Jr.;Meu Novo Mundo;BR
Charlie Brown Jr.;Zóio De Lula;BR
Charlie Brown Jr.;Só os Loucos Sabem;BR
Charlie Brown Jr.;Festa;BR
Charlie Brown Jr.;Lutar Pelo Que E Meu;BR
Charlie Brown Jr.;Quinta;BR
Charlie Brown Jr.;Rock Star;BR
Charlie Brown Jr.;Dias De Luta, Dias De Gloria;BR
Charlie Brown Jr.;Tamo Ai Na Atividade;BR
Charlie Brown Jr.;Me Encontra;BR
Charlie Brown Jr.;Senhor Do Tempo;BR
Charlie Brown Jr.;Não é Sério;BR
Charlie Brown Jr.;Proibida Pra Mim (Grazon);BR
Charlie Brown Jr.;Di Sk8 Eu Vou;BR
Charlie Brown Jr.;Pra Não Dizer Que Não Falei Das Flores;BR
Charlie Brown Jr.;Céu Azul;BR
Charlie Brown Jr.;Lixo E O Luxo;BR
O Rappa;Minha alma (A paz que eu não quero);BR
O Rappa;Anjos (Pra quem tem fé);BR
Charlie Brown Jr.;Quebra;BR
Charlie Brown Jr.;Pontes Indestrutíveis;BR
Charlie Brown Jr.;Como Tudo Deve Ser;BR
Charlie Brown Jr.;Só Por Uma Noite;BR
Charlie Brown Jr.;Dona do Meu Pensamento;BR
Charlie Brown Jr.;Inabalavelmente;BR
Charlie Brown Jr.;Só Existe o Agora;BR
Charlie Brown Jr.;Só Pra Vadiar;BR
Charlie Brown Jr.;Puro Sangue;BR
Charlie Brown Jr.;Camisa 10 Joga Bola Até Na Chuva;BR
Charlie Brown Jr.;Um Dia a Gente Se Encontra;BR
Charlie Brown Jr.;Não Uso Sapato;BR
Skank;Acima do Sol;BR
Frejat;Amor pra recomeçar;BR
Charlie Brown Jr.;Eu Vim De Santos Sou Charlie Brown;BR
Trio Parada Dura;Blusa Vermelha;BR
Tião Carreiro & Pardinho;Tristeza do jeca;BR
Chitãozinho & Xororó;Fogão De Lenha;BR
Althaír & Alexandre;Laço Aberto;BR
Milionário & José Rico;Estrada da vida;BR
Zezé Di Camargo & Luciano;Do Outro Lado da Cidade;BR
Tião Carreiro & Pardinho;Chora viola;BR
Chitãozinho & Xororó;Colcha De Retalhos;BR
Sérgio Reis;Pinga Ne Mim;BR
Trio Parada Dura;Bobeou... A Gente Pimba;BR
João Paulo & Daniel;Poeira da estrada;BR
Sérgio Reis;É Disso Que o Velho Gosta;BR
Joaquim e Manuel;Som de Cristal;BR
Joaquim e Manuel;Boate Azul;BR
João Mineiro & Marciano;Ainda Ontem Chorei De Saudade;BR
Trio Parada Dura;As Andorinhas;BR
Trio Parada Dura;Telefone Mudo;BR
Leandro & Leonardo;Sublime renuncia;BR
Milionário & José Rico;Sessenta dias apaixonado;BR
Sérgio Reis;Rio de Lágrimas;BR
Roberta Miranda;Majestade O Sabiá;BR
Bruno & Marrone;Esqueci;BR
Chitãozinho & Xororó;FIO DE CABELO;BR
Zezé Di Camargo & Luciano;Você Vai Ver;BR
Zezé Di Camargo & Luciano;É o Amor;BR
Matogrosso & Mathias;Tentei Te Esquecer;BR
Leandro & Leonardo;Pense em mim;BR
João Paulo & Daniel;Minha estrela perdida;BR
Chitãozinho & Xororó;No Rancho Fundo;BR
Zezé Di Camargo & Luciano;No Dia em Que Eu Saí de Casa;BR
Edson & Hudson;Azul;BR
Leandro & Leonardo;Entre tapas e beijos;BR
Gino & Geno;Nóis Enverga Mas Não Quebra;BR
Sérgio Reis;Panela Velha;BR
Almir Sater;Cabecinha No Ombro;BR
Sérgio Reis e Filhos;Romaria;BR
Gino & Geno;Ela Chorou De Amor;BR
Zezé Di Camargo & Luciano;Pão de Mel;BR
Zezé Di Camargo & Luciano;Faz Mais uma Vez Comigo;BR
Chitãozinho & Xororó;Falando Às Paredes;BR
Milionário & José Rico;Decida;BR
Trio Parada Dura;Se For Passar Em Goiânia;BR
Teodoro & Sampaio;Vestido De Seda;BR
Milionário & José Rico;Vontade Dividida;BR
Daniel;Caminheiro;BR
Fafá de Belém;Nuvem de Lágrimas;BR
Daniel;O Menino da Porteira;BR
Belmonte & Amaraí;Saudade Da Minha Terra;BR
Lourenco & Lourival;Franguinho na Panela;BR
Lucas Reis & Thácio;Minas Gerais;BR
Gino & Geno;Apaixonado por Você;BR
Milionário & José Rico;Agenda rabiscada;BR
Gino & Geno;Vou Beber Veneno;BR
Milionário & José Rico;Vá pro inferno com seu amor;BR
Gino & Geno;Acidente De Amor;BR
Sérgio Reis;Chalana;BR
Os Paralamas Do Sucesso;Meu Erro;BR
Os Paralamas Do Sucesso;Aonde Quer Que Eu Vá;BR
Os Paralamas Do Sucesso;Lanterna Dos Afogados;BR
Os Paralamas Do Sucesso;Óculos;BR
Os Paralamas Do Sucesso;Vital E Sua Moto;BR
Os Paralamas Do Sucesso;Ela Disse Adeus;BR
Os Paralamas Do Sucesso;Cuide Bem Do Seu Amor;BR
Os Paralamas Do Sucesso;Caleidoscópio;BR
Os Paralamas Do Sucesso;Você;BR
Os Paralamas Do Sucesso;Lourinha Bombril (Parate Y Mira);BR
Nenhum De Nós;Camila, Camila;BR
Nenhum De Nós;Amanhã ou Depois;BR
Engenheiros Do Hawaii;Infinita Highway;BR
Engenheiros Do Hawaii;Era um Garoto, Que Como Eu, Amava os Beatles e os Rolling Stones;BR
Engenheiros Do Hawaii;O Papa É Pop;BR
Barão Vermelho;Bete Balanço;BR
Barão Vermelho;Por você;BR
Barão Vermelho;Pro Dia Nascer Feliz;BR
Barão Vermelho;Maior Abandonado;BR
Barão Vermelho;Puro êxtase;BR
Barão Vermelho;Amor meu grande amor;BR
Barão Vermelho;Vem quente que eu estou fervendo;BR
Frejat;Segredos;BR
Cazuza;Ideologia;BR
Ultraje a Rigor;Ciúme;BR
Ultraje a Rigor;Inútil;BR
Ultraje a Rigor;Nós vamos invadir sua praia - Avenida;BR
Ultraje a Rigor;Rebelde sem causa;BR
Ira!;Envelheço na cidade;BR
Capital Inicial;Veraneio Vascaína;BR
Capital Inicial;Primeiros Erros;BR
Capital Inicial;À Sua Maneira (De Música Ligeira);BR
Capital Inicial;Natasha;BR
Capital Inicial;Não Olhe pra Trás;BR
Capital Inicial;Fogo;BR
Capital Inicial;Aqui;BR
Capital Inicial;Música Urbana;BR
Capital Inicial;O Passageiro;BR
Titãs;Isso;BR
Titãs;Marvin;BR
Titãs;É preciso saber viver;BR
Titãs;Homem primata;BR
Nando Reis & Os Infernais;All Star;BR
Nando Reis;Relicário;BR
Nando Reis;Luz Dos Olhos;BR
Nando Reis;Sou Dela;BR
Cássia Eller;O Segundo Sol;BR
Cássia Eller;Malandragem;BR
Biquini Cavadão;Tédio;BR
Biquini Cavadão;Dani;BR
Biquini Cavadão;Janaína;BR
Blitz;Você Não Soube Me Amar;BR
Kid Abelha;Na Rua, Na Chuva, Na Fazenda;BR
Kid Abelha;Como Eu Quero;BR
Kid Abelha;Lágrimas E Chuva;BR
Kid Abelha;Nada Sei;BR
Kid Abelha;No Seu Lugar;BR
Kid Abelha;Fixação;BR
Kid Abelha;Eu Só Penso Em Você;BR
Kid Abelha;Não vou ficar;BR
Herva Doce;Amante Profissional;BR
Plebe Rude;Até Quando Esperar;BR
Legião Urbana;Tempo Perdido;BR
Legião Urbana;Eduardo E Mônica;BR
Legião Urbana;Será;BR
Legião Urbana;Índios;BR
Legião Urbana;Que Pais É Este;BR
Legião Urbana;Ainda É Cedo;BR
Legião Urbana;Geração Coca-Cola;BR
Legião Urbana;Faroeste Caboclo;BR
Skank;Resposta;BR
Skank;Sutilmente;BR
Skank;Ainda Gosto Dela;BR
Skank;Vou Deixar;BR
Skank;Amores Imperfeitos;BR
Skank;Balada do Amor Inabalável;BR
Skank;Dois Rios;BR
Skank;É Proibido Fumar / Peter Gunn Theme;BR
Skank;É uma Partida de Futebol;BR
Skank;Garota Nacional;BR
Skank;Jackie Tequila;BR
Skank;Mil Acasos;BR
Skank;Pacato Cidadão / Let 'Em In;BR
Skank;Saideira;BR
Skank;Tão Seu;BR
Skank;Vamos Fugir;BR
Skank;Te Ver;BR
O Rappa;Hey Joe (feat. Marcelo D2);BR
O Rappa;Ilê ayê;BR
O Rappa;Vapor barato;BR
O Rappa;A feira;BR
O Rappa;Pescador de ilusões;BR
O Rappa;Eu quero ver gol;BR
O Rappa;Me deixa;BR
O Rappa;O que sobrou do céu;BR
O Rappa;Lado B lado A;BR
O Rappa;Reza vela;BR
O Rappa;Rodo cotidiano;BR
O Rappa;Mar de gente;BR
O Rappa;O salto;BR
O Rappa;Súplica cearense;BR
O Rappa;Meu mundo é o barro;BR
O Rappa;Hóstia;BR
O Rappa;Monstro invisível;BR
Raimundos;Mulher de fases;BR
Titãs;A Melhor Banda de Todos os Tempos da Última Semana;BR
Titãs;O Mundo é Bão, Sebastião;BR
Capital Inicial;Independência;BR
Los Hermanos;Anna Júlia;BR
Jota Quest;Só Hoje;BR
Jota Quest;Além do Horizonte;BR
Jota Quest;Fácil;BR
Detonautas;Quando o sol se for;BR
Detonautas;Olhos certos;BR
Detonautas;Você me faz tão bem;BR
Detonautas;Outro lugar;BR
Raimundos;Lugar Ao Sol;BR
Raimundos;A Mais Pedida;BR
Raimundos;Me lambe;BR
Raimundos;I Saw You Saying - That You Say That You Saw;BR
Pitty;Equalize;BR
Pitty;Admirável Chip Novo;BR
Pitty;Teto de Vidro;BR
Pitty;Máscara;BR
Lobão;Me Chama;BR
Biquini Cavadão;Vento Ventania;BR
Lulu Santos;Apenas Mais uma de Amor;BR
Cidade Negra;Girassol;BR
Cidade Negra;Onde Você Mora?;BR
Cidade Negra;A Estrada;BR
Cidade Negra;Johny B. Goode;BR
Cidade Negra;A Sombra da Maldade;BR
Cogumelo Plutão;Esperando na Janela;BR
Legião Urbana;Eu Sei;BR
Charlie Brown Jr.;Ela Vai Voltar (Todos Os Defeitos De Uma Mulher Perfeita);BR
Gabriel O Pensador;Cachimbo da Paz (feat. Lulu Santos);BR
Gabriel O Pensador;Astronauta (feat. Lulu Santos);BR
Gabriel O Pensador;Solitário Surfista / Surfista Solitário;BR
Gabriel O Pensador;Até Quando?;BR
O Surto;A Cera;BR
Leoni;Garotos II - O Outro Lado;BR
Engenheiros Do Hawaii;3 X 4;BR
Engenheiros Do Hawaii;Até O Fim;BR
Lulu Santos;Tempos Modernos;BR
Lulu Santos;Toda Forma de Amor;BR
Cazuza;Blues Da Piedade;BR
Ls Jack;Carla;BR
Kid Abelha;Te amo pra sempre;BR
Lulu Santos;De repente California - Remasterizado em 2001;BR
